{
  "Food and non-alcoholic beverages": 61.969439408874,
  "Alcoholic Beverages, Tobacco, and Narcotics": 0.710646541106,
  "Clothing and footwear": 4.902203292308,
  "Housing, Water, Electricity, Gas and Other Fuels": 10.211819398094,
  "Furnishings, household equipment and routine household maintenance": 5.506483312411,
  "Health": 0.920025181414,
  "Transport": 6.907521347558,
  "Communication": 1.073792151066,
  "Recreation and culture": 1.757430852377,
  "Education": 1.994934792222,
  "Restaurants and hotels": 1.872579350102,
  "Miscellaneous goods and services": 2.173124372468
}
